{"Year":[2009,2010,2011,2012,2013,2014,2015,2016,2017,2018,2019,2020,2021],"SERIES":["SH_STA_MALR","SH_STA_MALR","SH_STA_MALR","SH_STA_MALR","SH_STA_MALR","SH_STA_MALR","SH_STA_MALR","SH_STA_MALR","SH_STA_MALR","SH_STA_MALR","SH_STA_MALR","SH_STA_MALR","SH_STA_MALR"],"UNIT_MEASURE":["\u041d\u0430 1 000 \u0441\u0442\u0430\u043d\u043e\u0432\u043d\u0438\u043a\u0430","\u041d\u0430 1 000 \u0441\u0442\u0430\u043d\u043e\u0432\u043d\u0438\u043a\u0430","\u041d\u0430 1 000 \u0441\u0442\u0430\u043d\u043e\u0432\u043d\u0438\u043a\u0430","\u041d\u0430 1 000 \u0441\u0442\u0430\u043d\u043e\u0432\u043d\u0438\u043a\u0430","\u041d\u0430 1 000 \u0441\u0442\u0430\u043d\u043e\u0432\u043d\u0438\u043a\u0430","\u041d\u0430 1 000 \u0441\u0442\u0430\u043d\u043e\u0432\u043d\u0438\u043a\u0430","\u041d\u0430 1 000 \u0441\u0442\u0430\u043d\u043e\u0432\u043d\u0438\u043a\u0430","\u041d\u0430 1 000 \u0441\u0442\u0430\u043d\u043e\u0432\u043d\u0438\u043a\u0430","\u041d\u0430 1 000 \u0441\u0442\u0430\u043d\u043e\u0432\u043d\u0438\u043a\u0430","\u041d\u0430 1 000 \u0441\u0442\u0430\u043d\u043e\u0432\u043d\u0438\u043a\u0430","\u041d\u0430 1 000 \u0441\u0442\u0430\u043d\u043e\u0432\u043d\u0438\u043a\u0430","\u041d\u0430 1 000 \u0441\u0442\u0430\u043d\u043e\u0432\u043d\u0438\u043a\u0430","\u041d\u0430 1 000 \u0441\u0442\u0430\u043d\u043e\u0432\u043d\u0438\u043a\u0430"],"Value":[0.0,0.00085,0.0,0.00085,0.0,0.00086,0.0,0.0,0.0,0.0,0.0,0.0,0.0]}