{"Year":[2009,2010,2011,2012,2013,2014,2015,2016,2017,2018,2019,2020,2021],"SERIES":["SH_STA_MALR","SH_STA_MALR","SH_STA_MALR","SH_STA_MALR","SH_STA_MALR","SH_STA_MALR","SH_STA_MALR","SH_STA_MALR","SH_STA_MALR","SH_STA_MALR","SH_STA_MALR","SH_STA_MALR","SH_STA_MALR"],"UNIT_MEASURE":["PER_1000_POP","PER_1000_POP","PER_1000_POP","PER_1000_POP","PER_1000_POP","PER_1000_POP","PER_1000_POP","PER_1000_POP","PER_1000_POP","PER_1000_POP","PER_1000_POP","PER_1000_POP","PER_1000_POP"],"Value":[0.0,0.00085,0.0,0.00085,0.0,0.00086,0.0,0.0,0.0,0.0,0.0,0.0,0.0]}